Name,m,sigma,epsilon_k,KAB,epsilonAB,mu,quadropole,Source,SMILES
Methane,1,3.7039,150.03,0,0,0,0,105,C
Ethane,1.6069,3.5206,191.42,0,0,0,0,105,CC
Propane,2.002,3.6184,208.11,0,0,0,0,105,CCC
Butane,2.3316,3.7086,222.88,0,0,0,0,105,CCCC
Pentane,2.6896,3.7729,231.2,0,0,0,0,105,CCCCC
Hexane,3.0576,3.7983,236.77,0,0,0,0,105,CCCCCC
Heptane,3.4831,3.8049,238.4,0,0,0,0,105,CCCCCCC
Octane,3.8176,3.8373,242.78,0,0,0,0,105,CCCCCCCC
Nonane,4.2079,3.8448,244.51,0,0,0,0,105,CCCCCCCCC
Decane,4.6627,3.8384,243.87,0,0,0,0,105,CCCCCCCCCC
Undecane,4.9082,3.8893,248.82,0,0,0,0,105,CCCCCCCCCCC
Dodecane,5.306,3.8959,249.21,0,0,0,0,105,CCCCCCCCCCCC
Tridecane,5.6877,3.9143,249.78,0,0,0,0,105,CCCCCCCCCCCCC
Tetradecane,5.9002,3.9396,254.21,0,0,0,0,105,CCCCCCCCCCCCCC
Pentadecane,6.2855,3.9531,254.14,0,0,0,0,105,CCCCCCCCCCCCCCC
Hexadecane,6.6485,3.9552,254.7,0,0,0,0,105,CCCCCCCCCCCCCCCC
Heptadecane,6.9809,3.9675,255.65,0,0,0,0,105,CCCCCCCCCCCCCCCCC
Octadecane,7.3271,3.9668,256.2,0,0,0,0,105,CCCCCCCCCCCCCCCCCC
Nonadecane,7.7175,3.9721,256,0,0,0,0,105,CCCCCCCCCCCCCCCCCCC
Eicosane,7.9849,3.9869,257.75,0,0,0,0,105,CCCCCCCCCCCCCCCCCCCC
N-heneicosane,8.7495,3.9192,252.3877,0,0,0,0,235,CCCCCCCCCCCCCCCCCCCCC
N-docosane,8.9886,3.9466,253.9514,0,0,0,0,235,CCCCCCCCCCCCCCCCCCCCCC
N-tricosane,9.3851,3.9416,254.1439,0,0,0,0,235,CCCCCCCCCCCCCCCCCCCCCCC
N-tetracosane,9.7959,3.9384,253.5506,0,0,0,0,235,CCCCCCCCCCCCCCCCCCCCCCCC
N-octacosane,11.4145,3.9318,252.3643,0,0,0,0,235,CCCCCCCCCCCCCCCCCCCCCCCCCCCC
N-triacontane,11.4888,4.0142,258.3031,0,0,0,0,235,CCCCCCCCCCCCCCCCCCCCCCCCCCCCCC
N-dotriacontane,12.1112,4.0303,258.4649,0,0,0,0,235,CCCCCCCCCCCCCCCCCCCCCCCCCCCCCCCC
N-hexatriacontane,13.0294,4.0906,261.2998,0,0,0,0,235,CCCCCCCCCCCCCCCCCCCCCCCCCCCCCCCCCCCC
Acetaldehyde,2.1188,3.246,229.8505,0,0,2.6891,0,235,CC=O
Propanal,2.6001,3.2872,235.21,0,0,2.72,0,110,CCC=O
Butanal,2.8825,3.4698,247.09,0,0,2.72,0,110,CCCC=O
2-methylpropanal,2.6157,3.5699,251.5072,0,0,2.6981,0,235,CC(C)C=O
3-methylbutyraldehyde,3.0004,3.6188,255.2047,0,0,2.6082,0,235,CC(C)CC=O
Heptanal,3.8527,3.66,260.6984,0,0,2.5782,0,235,CCCCCCC=O
Decanal,5.2885,3.6634,251.9655,0,0,2.5782,0,235,CCCCCCCCCC=O
Methylamine,1.6191,3.337,246.3797,0.03,1103.6088,1.3101,0,235,CN
N-propylamine,3.4083,3.1114,217.4541,0.03,86.0572,1.1692,0,235,CCCN
N-butylamine,1.7814,4.2631,293.8144,0.03,1497.5173,1.391,0,235,CCCCN
N-pentylamine,1.6177,4.656,302.1019,0.03,1923.3059,1.5499,0,235,CCCCCN
N-hexylamine,3.9434,3.5463,247.4674,0.03,82.5108,1.5889,0,235,CCCCCCN
N-heptylamine,1.688,5.0417,328.7725,0.03,2220.2939,1.6608,0,235,CCCCCCCN
N-octylamine,1.9349,4.9721,315.3046,0.03,2476.9879,1.421,0,235,CCCCCCCCN
N-nonylamine,2.0093,5.07,314.0984,0.03,2731.5672,0.8994,0,235,CCCCCCCCCN
N-decylamine,2.4141,4.9185,313.772,0.03,2644.5966,1.409,0,235,CCCCCCCCCCN
Diethylamine,1.3688,4.7262,295.2136,0.03,1547.4422,0.9204,0,235,CCNCC
Di-n-propylamine,3.6653,3.6551,240.4467,0.03,39.2881,1.07,0,235,CCCNCCC
N-dodecylamine,5.812,3.817,260.8335,0.03,53.2229,0.8814,0,235,CCCCCCCCCCCCN
Ethylamine,1.6164,3.7728,263.487,0.03,1213.4586,1.2201,0,235,CCN
Dimethylamine,2.2493,3.3738,226.4848,0.03,959.5053,1.0313,0,235,CNC
Trioctylamine,11.35,3.7563,227.9647,0,0,0.8004,0,235,CCCCCCCCN(CCCCCCCC)CCCCCCCC
Ethylene,1.5425,3.4523,179.37,0,0,0,2,111,C=C
Propylene,1.9597,3.5356,207.19,0,0,0,0,105,C=CC
1-hexene,2.9853,3.7753,236.81,0,0,0,0,105,C=CCCCC
1-heptene,3.2863,3.8138,243.7559,0,0,0.6296,0,235,C=CCCCCC
1-octene,3.7424,3.8133,243.02,0,0,0,0,105,C=CCCCCCC
1-nonene,4.0617,3.8452,247.0709,0,0,0.5996,0,235,C=CCCCCCCC
1-decene,4.4503,3.8544,248.2291,0,0,0.4197,0,235,C=CCCCCCCCC
Methanol,1.5073,3.3248,211.5975,0.03,2519.7116,1.6998,0,235,CO
Ethanol,2.3723,3.1964,203.8245,0.03,2514.0609,1.6908,0,235,CCO
1-propanol,3.4604,3.0742,217.3745,0.03,2044.5298,1.6788,0,235,CCCO
1-butanol,4.2768,3.0659,217.7082,0.03,1846.2029,1.6698,0,235,CCCCO
1-pentanol,4.305,3.2421,228.6214,0.03,1835.0315,1.7,0,235,CCCCCO
1-hexanol,4.3974,3.3897,235.5309,0.03,1930.6231,1.6488,0,235,CCCCCCO
1-heptanol,4.7248,3.461,237.6069,0.03,1956.8424,1.7388,0,235,CCCCCCCO
1-octanol,5.7204,3.3562,228.8515,0.03,1869.8446,1.6488,0,235,CCCCCCCCO
1-nonanol,4.749,3.729,253.6291,0.03,2073.3555,1.6099,0,235,CCCCCCCCCO
1-decanol,5.7328,3.596,243.7089,0.03,1967.8312,1.6189,0,235,CCCCCCCCCCO
1-undecanol,7.3595,3.38,225.1381,0.03,1888.8681,1.6698,0,235,CCCCCCCCCCCO
1-dodecanol,6.2353,3.6999,249.0952,0.03,2002.9613,1.6908,0,235,CCCCCCCCCCCCO
1-tridecanol,5.5859,3.9862,265.7028,0.03,2212.4364,1.6488,0,235,CCCCCCCCCCCCCO
1-tetradecanol,5.9103,3.9832,266.3354,0.03,2238.1838,1.55,0,235,CCCCCCCCCCCCCCO
1-hexadecanol,7.0917,3.8845,259.4044,0.03,2140.2545,1.6698,0,235,CCCCCCCCCCCCCCCCO
1-octadecanol,7.3343,3.9962,266.5143,0.03,2150.7482,1.6608,0,235,CCCCCCCCCCCCCCCCCCO
Isopropanol,4.0249,2.918,198.5953,0.03,1871.8788,1.6608,0,235,CC(C)O
2-butanol,4.4207,3.0151,205.1808,0.03,1718.0488,1.6608,0,235,CCC(C)O
2-pentanol,5.2839,3.0076,200.0793,0.03,1713.2429,1.6668,0,235,CCCC(C)O
3-pentanol,4.7983,3.0947,203.9658,0.03,1806.0011,1.6399,0,235,CCC(O)CC
2-hexanol,4.7812,3.2816,217.9545,0.03,1793.3615,1.6578,0,235,CCCCC(C)O
2-heptanol,5.135,3.3462,219.5951,0.03,1878.5922,1.6488,0,235,CCCCCC(C)O
2-octanol,5.7545,3.3545,220.9018,0.03,1721.3869,1.6488,0,235,CCCCCCC(C)O
Ethylene glycol,2.6124,3.1536,310.114,0.03,2711.6591,2.4103,0,235,OCCO
Benzene,2.2463,3.7852,296.24,0,0,0,5.5907,111,c1ccccc1
Toluene,2.8149,3.7169,285.69,0,0,0,0,105,Cc1ccccc1
Ethylbenzene,3.0799,3.7974,287.35,0,0,0,0,105,CCc1ccccc1
"1,3-dimethylbenzene",3.1861,3.7563,283.98,0,0,0,0,105,Cc1cccc(C)c1
"1,4-dimethylbenzene",3.1723,3.7781,283.77,0,0,0,0,105,Cc1ccc(C)cc1
Mesitylene,3.671,3.7284,277.6576,0,0,0,0,235,Cc1cc(C)cc(C)c1
P-cymene,3.6373,3.907,284.1096,0,0,0,0,235,Cc1ccc(C(C)C)cc1
N-heptylbenzene,4.5229,3.9994,289.0709,0,0,0,0,235,CCCCCCCc1ccccc1
N-nonylbenzene,5.6327,3.9104,275.8787,0,0,0,0,235,CCCCCCCCCc1ccccc1
N-dodecylbenzene,6.8535,3.9041,270.8303,0,0,0,0,235,CCCCCCCCCCCCc1ccccc1
Cumene,3.3779,3.8376,281.5324,0,0,0.3897,0,235,CC(C)c1ccccc1
Butylbenzene,3.7662,3.8727,283.07,0,0,0,0,105,CCCCc1ccccc1
Propylbenzene,3.3438,3.8438,288.13,0,0,0,0,105,CCCc1ccccc1
Isobutane,2.2616,3.7574,216.53,0,0,0,0,105,CC(C)C
Isopentane,2.562,3.8296,230.75,0,0,0,0,105,CCC(C)C
Neopentane,2.3543,3.955,225.69,0,0,0,0,105,CC(C)(C)C
2-methylpentane,2.9317,3.8535,235.58,0,0,0,0,105,CCCC(C)C
3-methylpentane,2.8852,3.8605,240.48,0,0,0,0,105,CCC(C)CC
"2,2-dimethylbutane",2.6008,4.0042,243.51,0,0,0,0,105,CCC(C)(C)C
"2,3-dimethylbutane",2.6853,3.9545,246.07,0,0,0,0,105,CC(C)C(C)C
3-ethylpentane,3.1886,3.887,247.0555,0,0,0,0,235,CCC(CC)CC
"2,4-dimethylpentane",3.1235,3.9346,239.7005,0,0,0,0,235,CC(C)CC(C)C
"2,2,4-trimethylpentane",3.1352,4.0918,250.0059,0,0,0,0,235,CC(C)CC(C)(C)C
"2,3,4-trimethylpentane",3.198,4.025,258.5959,0,0,0,0,235,CC(C)C(C)C(C)C
Squalane,9.734,4.2525,263.7664,0,0,0,0,235,CC(C)CCCC(C)CCCC(C)CCCCC(C)CCCC(C)CCCC(C)C
"2,2,4,4,6,8,8-",,,,,,,,,CC(CC(C)(C)C)CC(C)(C)CC(C)(C)C
heptamethylnonane,5.017,4.3017,266.5519,0,0,0,0,235,CC(CC(C)(C)C)CC(C)(C)CC(C)(C)C
Cyclopentane,2.3655,3.7114,265.83,0,0,0,0,105,C1CCCC1
Cyclohexane,2.5303,3.8499,278.11,0,0,0,0,105,C1CCCCC1
Cyclooctane,2.9236,3.9831,304.8636,0,0,0,0,235,C1CCCCCCC1
Propyl ethanoate,3.7658,3.4289,235.42,0,0,1.78,0,110,CCCOC(C)=O
Butyl ethanoate,3.9629,3.5482,242.27,0,0,1.87,0,110,CCCCOC(C)=O
Isopentyl acetate,4.0348,3.6672,247.4168,0,0,1.7987,0,235,CC(=O)OCCC(C)C
Vinyl acetate,3.3946,3.2692,232.2234,0,0,1.7897,0,235,C=COC(C)=O
N-pentyl acetate,4.1066,3.646,249.3581,0,0,1.7208,0,235,CCCCCOC(C)=O
N-heptyl acetate,5.3414,3.5818,240.1371,0,0,1.8707,0,235,CCCCCCCOC(C)=O
Dimethyl ether,2.2634,3.2723,210.29,0,0,1.3,0,110,COC
Diisopropyl ether,3.5466,3.6737,216.8508,0,0,1.1302,0,235,CC(C)OC(C)C
Di-n-butyl ether,4.4126,3.6997,233.9837,0,0,1.1692,0,235,CCCCOCCCC
Methyl tert-butyl ether,2.9286,3.711,233.9573,0,0,1.361,0,235,COC(C)(C)C
Di-n-pentyl ether,4.8197,3.8391,246.5082,0,0,1.1992,0,235,CCCCCOCCCCC
Di-n-propyl ether,3.4881,3.6961,234.0444,0,0,1.2112,0,235,CCCOCCC
Diethyl ether,2.9726,3.5127,219.53,0,0,1.15,0,110,CCOCC
Diethylene glycol,,,,,,,,,OCCOCCO
dimethyl ether,4.2282,3.5722,258.4078,0,0,1.97,0,235,COC
Acetone,2.7447,3.2742,232.99,0,0,2.88,0,110,CC(C)=O
3-pentanone,3.2786,3.5159,248.69,0,0,2.82,0,110,CCC(=O)CC
Methyl isobutyl ketone,3.473,3.6296,250.53,0,0,2.6891,0,235,CC(=O)CC(C)C
4-heptanone,3.7347,3.6958,259.1972,0,0,2.5002,0,235,CCCC(=O)CCC
2-hexanone,3.5951,3.5814,254.4017,0,0,2.6801,0,235,CCCCC(C)=O
2-octanone,4.467,3.6222,252.4353,0,0,2.4613,0,235,CCCCCCC(C)=O
Methyl ethyl ketone,2.9835,3.4239,244.99,0,0,2.78,0,110,CCC(C)=O
Acetic acid,0.9907,4.4948,316.3575,0.03,2575.4822,1.7388,0,235,CC(=O)O
Propionic acid,1.7652,3.8743,223.4035,0.03,3336.825,1.7508,0,235,CCC(=O)O
N-butyric acid,2.3552,3.774,227.9723,0.03,3392.9358,1.6488,0,235,CCCC(=O)O
Carbon dioxide,1.5131,3.1869,163.33,0,0,0,4.4,111,O=C=O
Nitrogen,1.1504,3.3848,91.4,0,0,0,1.43,111,[N]
Difluoromethane,2.4382,2.8148,162.6954,0,0,1.9786,0,235,FCF
"1,1-difluoroethane",2.5999,3.1426,179.9699,0,0,2.2619,0,235,CC(F)F
Trifluoromethane,2.5662,2.8588,140.9286,0,0,1.6488,0,235,FC(F)F
Pentafluoroethane,3.0838,3.1297,154.4771,0,0,1.5409,0,235,FC(F)C(F)(F)F
"1,1,1-trifluoroethane",2.4877,3.2839,161.4797,0,0,2.3204,0,235,CC(F)(F)F
"1,1,1,2,3,3-",,,,,,,,,FC(F)=C(F)F.O=S(=O)(O)C(F)(F)C(F)(F)OC(F)(C(F)(F)F)C(F)(F)OC(F)=C(F)F
hexafluoropropane,3.681,3.1918,177.2769,0,0,0.2009,0,235,Oc1ccc(C(c2ccc(O)cc2)(C(F)(F)F)C(F)(F)F)cc1
"1,1,1,2,3,3,3-",,,,,,,,,
heptafluoropropane,3.5407,3.301,160.9843,0,0,1.9396,0,235,FC(F)C(F)(F)C(F)(F)F
"1,1,1,3,3-",,,,,,,,,CO[C@@H]1C(=O)CC[C@H](C(O)(C(F)(F)F)C(F)(F)F)[C@H]1/C(C)=C/CCC(C)C
pentafluoropropane,3.5888,3.1797,184.7,0,0,1.5559,0,235,FC(F)CC(F)(F)F
"1,1,1,3,3,3-",,,,,,,,,CO[C@@H]1C(=O)CC[C@H](C(O)(C(F)(F)F)C(F)(F)F)[C@H]1/C(C)=C/CCC(C)C
hexafluoropropane,3.6025,3.2428,170.2242,0,0,1.9816,0,235,Oc1ccc(C(c2ccc(O)cc2)(C(F)(F)F)C(F)(F)F)cc1
"1,1,1,2-tetrafluoroethane",3.1242,3.0549,165.8855,0,0,2.0581,0,235,FCC(F)(F)F
Carbon tetrafluoride,2.1861,3.1358,122.3822,0,0,0,0,235,FC(F)(F)F
Chlorodifluoromethane,2.4408,3.1487,185.7335,0,0,1.4579,0,235,FC(F)Cl
Chloropentafluoroethane,2.7628,3.5063,170.7613,0,0,0.5186,0,235,FC(F)(F)C(F)(F)Cl
"1,1,1-trichloroethane",2.4793,3.7527,275.4749,0,0,1.7808,0,235,CC(Cl)(Cl)Cl
Dichlorofluoromethane,2.4475,3.3353,229.5168,0,0,1.2891,0,235,FC(Cl)Cl
Isobutene,2.2515,3.6636,223.2165,0,0,0.5006,0,235,C=C(C)C
Trichlorofluoromethane,2.2845,3.6905,248.8305,0,0,0.4497,0,235,FC(Cl)(Cl)Cl
1-chloro-,,,,,,,,,ClC=C(c1ccc(Cl)cc1)c1ccc(Cl)cc1
"1,1-difluoroethane",2.4533,3.4805,202.0841,0,0,2.1405,0,235,CC(F)F
Dichlorodifluoromethane,2.2262,3.5608,205.6771,0,0,0.5096,0,235,FC(F)(Cl)Cl
Chlorotrifluoromethane,2.1909,3.3787,162.3126,0,0,0.5096,0,235,FC(F)(F)Cl
"1,2-",,,,,,,,,CN1c2ccccc2C(NCCCCCCC(=O)O)c2ccc(Cl)cc2S1(=O)=O
dichlorotetrafluoroethane,2.7766,3.6468,202.3572,0,0,0.6685,0,235,FC(F)(Cl)C(F)(F)Cl
Bromotrifluoromethane,2.1338,3.5126,185.5387,0,0,0.6505,0,235,FC(F)(F)Br